{
    "packages": [
        {
            "name": "graham-campbell/result-type",
            "version": "v1.1.3",
            "version_normalized": "1.1.3.0",
            "source": {
                "type": "git",
                "url": "https://github.com/GrahamCampbell/Result-Type.git",
                "reference": "3ba905c11371512af9d9bdd27d99b782216b6945"
            },
            "dist": {
                "type": "zip",
                "url": "https://api.github.com/repos/GrahamCampbell/Result-Type/zipball/3ba905c11371512af9d9bdd27d99b782216b6945",
                "reference": "3ba905c11371512af9d9bdd27d99b782216b6945",
                "shasum": ""
            },
            "require": {
                "php": "^7.2.5 || ^8.0",
                "phpoption/phpoption": "^1.9.3"
            },
            "require-dev": {
                "phpunit/phpunit": "^8.5.39 || ^9.6.20 || ^10.5.28"
            },
            "time": "2024-07-20T21:45:45+00:00",
            "type": "library",
            "installation-source": "dist",
            "autoload": {
                "psr-4": {
                    "GrahamCampbell\\ResultType\\": "src/"
                }
            },
            "notification-url": "https://packagist.org/downloads/",
            "license": [
                "MIT"
            ],
            "authors": [
                {
                    "name": "Graham Campbell",
                    "email": "hello@gjcampbell.co.uk",
                    "homepage": "https://github.com/GrahamCampbell"
                }
            ],
            "description": "An Implementation Of The Result Type",
            "keywords": [
                "Graham Campbell",
                "GrahamCampbell",
                "Result Type",
                "Result-Type",
                "result"
            ],
            "support": {
                "issues": "https://github.com/GrahamCampbell/Result-Type/issues",
                "source": "https://github.com/GrahamCampbell/Result-Type/tree/v1.1.3"
            },
            "funding": [
                {
                    "url": "https://github.com/GrahamCampbell",
                    "type": "github"
                },
                {
                    "url": "https://tidelift.com/funding/github/packagist/graham-campbell/result-type",
                    "type": "tidelift"
                }
            ],
            "install-path": "../graham-campbell/result-type"
        },
        {
            "name": "phpoption/phpoption",
            "version": "1.9.4",
            "version_normalized": "1.9.4.0",
            "source": {
                "type": "git",
                "url": "https://github.com/schmittjoh/php-option.git",
                "reference": "638a154f8d4ee6a5cfa96d6a34dfbe0cffa9566d"
            },
            "dist": {
                "type": "zip",
                "url": "https://api.github.com/repos/schmittjoh/php-option/zipball/638a154f8d4ee6a5cfa96d6a34dfbe0cffa9566d",
                "reference": "638a154f8d4ee6a5cfa96d6a34dfbe0cffa9566d",
                "shasum": ""
            },
            "require": {
                "php": "^7.2.5 || ^8.0"
            },
            "require-dev": {
                "bamarni/composer-bin-plugin": "^1.8.2",
                "phpunit/phpunit": "^8.5.44 || ^9.6.25 || ^10.5.53 || ^11.5.34"
            },
            "time": "2025-08-21T11:53:16+00:00",
            "type": "library",
            "extra": {
                "bamarni-bin": {
                    "bin-links": true,
                    "forward-command": false
                },
                "branch-alias": {
                    "dev-master": "1.9-dev"
                }
            },
            "installation-source": "dist",
            "autoload": {
                "psr-4": {
                    "PhpOption\\": "src/PhpOption/"
                }
            },
            "notification-url": "https://packagist.org/downloads/",
            "license": [
                "Apache-2.0"
            ],
            "authors": [
                {
                    "name": "Johannes M. Schmitt",
                    "email": "schmittjoh@gmail.com",
                    "homepage": "https://github.com/schmittjoh"
                },
                {
                    "name": "Graham Campbell",
                    "email": "hello@gjcampbell.co.uk",
                    "homepage": "https://github.com/GrahamCampbell"
                }
            ],
            "description": "Option Type for PHP",
            "keywords": [
                "language",
                "option",
                "php",
                "type"
            ],
            "support": {
                "issues": "https://github.com/schmittjoh/php-option/issues",
                "source": "https://github.com/schmittjoh/php-option/tree/1.9.4"
            },
            "funding": [
                {
                    "url": "https://github.com/GrahamCampbell",
                    "type": "github"
                },
                {
                    "url": "https://tidelift.com/funding/github/packagist/phpoption/phpoption",
                    "type": "tidelift"
                }
            ],
            "install-path": "../phpoption/phpoption"
        },
        {
            "name": "symfony/polyfill-ctype",
            "version": "v1.33.0",
            "version_normalized": "1.33.0.0",
            "source": {
                "type": "git",
                "url": "https://github.com/symfony/polyfill-ctype.git",
                "reference": "a3cc8b044a6ea513310cbd48ef7333b384945638"
            },
            "dist": {
                "type": "zip",
                "url": "https://api.github.com/repos/symfony/polyfill-ctype/zipball/a3cc8b044a6ea513310cbd48ef7333b384945638",
                "reference": "a3cc8b044a6ea513310cbd48ef7333b384945638",
                "shasum": ""
            },
            "require": {
                "php": ">=7.2"
            },
            "provide": {
                "ext-ctype": "*"
            },
            "suggest": {
                "ext-ctype": "For best performance"
            },
            "time": "2024-09-09T11:45:10+00:00",
            "type": "library",
            "extra": {
                "thanks": {
                    "url": "https://github.com/symfony/polyfill",
                    "name": "symfony/polyfill"
                }
            },
            "installation-source": "dist",
            "autoload": {
                "files": [
                    "bootstrap.php"
                ],
                "psr-4": {
                    "Symfony\\Polyfill\\Ctype\\": ""
                }
            },
            "notification-url": "https://packagist.org/downloads/",
            "license": [
                "MIT"
            ],
            "authors": [
                {
                    "name": "Gert de Pagter",
                    "email": "BackEndTea@gmail.com"
                },
                {
                    "name": "Symfony Community",
                    "homepage": "https://symfony.com/contributors"
                }
            ],
            "description": "Symfony polyfill for ctype functions",
            "homepage": "https://symfony.com",
            "keywords": [
                "compatibility",
                "ctype",
                "polyfill",
                "portable"
            ],
            "support": {
                "source": "https://github.com/symfony/polyfill-ctype/tree/v1.33.0"
            },
            "funding": [
                {
                    "url": "https://symfony.com/sponsor",
                    "type": "custom"
                },
                {
                    "url": "https://github.com/fabpot",
                    "type": "github"
                },
                {
                    "url": "https://github.com/nicolas-grekas",
                    "type": "github"
                },
                {
                    "url": "https://tidelift.com/funding/github/packagist/symfony/symfony",
                    "type": "tidelift"
                }
            ],
            "install-path": "../symfony/polyfill-ctype"
        },
        {
            "name": "symfony/polyfill-mbstring",
            "version": "v1.33.0",
            "version_normalized": "1.33.0.0",
            "source": {
                "type": "git",
                "url": "https://github.com/symfony/polyfill-mbstring.git",
                "reference": "6d857f4d76bd4b343eac26d6b539585d2bc56493"
            },
            "dist": {
                "type": "zip",
                "url": "https://api.github.com/repos/symfony/polyfill-mbstring/zipball/6d857f4d76bd4b343eac26d6b539585d2bc56493",
                "reference": "6d857f4d76bd4b343eac26d6b539585d2bc56493",
                "shasum": ""
            },
            "require": {
                "ext-iconv": "*",
                "php": ">=7.2"
            },
            "provide": {
                "ext-mbstring": "*"
            },
            "suggest": {
                "ext-mbstring": "For best performance"
            },
            "time": "2024-12-23T08:48:59+00:00",
            "type": "library",
            "extra": {
                "thanks": {
                    "url": "https://github.com/symfony/polyfill",
                    "name": "symfony/polyfill"
                }
            },
            "installation-source": "dist",
            "autoload": {
                "files": [
                    "bootstrap.php"
                ],
                "psr-4": {
                    "Symfony\\Polyfill\\Mbstring\\": ""
                }
            },
            "notification-url": "https://packagist.org/downloads/",
            "license": [
                "MIT"
            ],
            "authors": [
                {
                    "name": "Nicolas Grekas",
                    "email": "p@tchwork.com"
                },
                {
                    "name": "Symfony Community",
                    "homepage": "https://symfony.com/contributors"
                }
            ],
            "description": "Symfony polyfill for the Mbstring extension",
            "homepage": "https://symfony.com",
            "keywords": [
                "compatibility",
                "mbstring",
                "polyfill",
                "portable",
                "shim"
            ],
            "support": {
                "source": "https://github.com/symfony/polyfill-mbstring/tree/v1.33.0"
            },
            "funding": [
                {
                    "url": "https://symfony.com/sponsor",
                    "type": "custom"
                },
                {
                    "url": "https://github.com/fabpot",
                    "type": "github"
                },
                {
                    "url": "https://github.com/nicolas-grekas",
                    "type": "github"
                },
                {
                    "url": "https://tidelift.com/funding/github/packagist/symfony/symfony",
                    "type": "tidelift"
                }
            ],
            "install-path": "../symfony/polyfill-mbstring"
        },
        {
            "name": "symfony/polyfill-php80",
            "version": "v1.33.0",
            "version_normalized": "1.33.0.0",
            "source": {
                "type": "git",
                "url": "https://github.com/symfony/polyfill-php80.git",
                "reference": "0cc9dd0f17f61d8131e7df6b84bd344899fe2608"
            },
            "dist": {
                "type": "zip",
                "url": "https://api.github.com/repos/symfony/polyfill-php80/zipball/0cc9dd0f17f61d8131e7df6b84bd344899fe2608",
                "reference": "0cc9dd0f17f61d8131e7df6b84bd344899fe2608",
                "shasum": ""
            },
            "require": {
                "php": ">=7.2"
            },
            "time": "2025-01-02T08:10:11+00:00",
            "type": "library",
            "extra": {
                "thanks": {
                    "url": "https://github.com/symfony/polyfill",
                    "name": "symfony/polyfill"
                }
            },
            "installation-source": "dist",
            "autoload": {
                "files": [
                    "bootstrap.php"
                ],
                "psr-4": {
                    "Symfony\\Polyfill\\Php80\\": ""
                },
                "classmap": [
                    "Resources/stubs"
                ]
            },
            "notification-url": "https://packagist.org/downloads/",
            "license": [
                "MIT"
            ],
            "authors": [
                {
                    "name": "Ion Bazan",
                    "email": "ion.bazan@gmail.com"
                },
                {
                    "name": "Nicolas Grekas",
                    "email": "p@tchwork.com"
                },
                {
                    "name": "Symfony Community",
                    "homepage": "https://symfony.com/contributors"
                }
            ],
            "description": "Symfony polyfill backporting some PHP 8.0+ features to lower PHP versions",
            "homepage": "https://symfony.com",
            "keywords": [
                "compatibility",
                "polyfill",
                "portable",
                "shim"
            ],
            "support": {
                "source": "https://github.com/symfony/polyfill-php80/tree/v1.33.0"
            },
            "funding": [
                {
                    "url": "https://symfony.com/sponsor",
                    "type": "custom"
                },
                {
                    "url": "https://github.com/fabpot",
                    "type": "github"
                },
                {
                    "url": "https://github.com/nicolas-grekas",
                    "type": "github"
                },
                {
                    "url": "https://tidelift.com/funding/github/packagist/symfony/symfony",
                    "type": "tidelift"
                }
            ],
            "install-path": "../symfony/polyfill-php80"
        },
        {
            "name": "vlucas/phpdotenv",
            "version": "v5.6.2",
            "version_normalized": "5.6.2.0",
            "source": {
                "type": "git",
                "url": "https://github.com/vlucas/phpdotenv.git",
                "reference": "24ac4c74f91ee2c193fa1aaa5c249cb0822809af"
            },
            "dist": {
                "type": "zip",
                "url": "https://api.github.com/repos/vlucas/phpdotenv/zipball/24ac4c74f91ee2c193fa1aaa5c249cb0822809af",
                "reference": "24ac4c74f91ee2c193fa1aaa5c249cb0822809af",
                "shasum": ""
            },
            "require": {
                "ext-pcre": "*",
                "graham-campbell/result-type": "^1.1.3",
                "php": "^7.2.5 || ^8.0",
                "phpoption/phpoption": "^1.9.3",
                "symfony/polyfill-ctype": "^1.24",
                "symfony/polyfill-mbstring": "^1.24",
                "symfony/polyfill-php80": "^1.24"
            },
            "require-dev": {
                "bamarni/composer-bin-plugin": "^1.8.2",
                "ext-filter": "*",
                "phpunit/phpunit": "^8.5.34 || ^9.6.13 || ^10.4.2"
            },
            "suggest": {
                "ext-filter": "Required to use the boolean validator."
            },
            "time": "2025-04-30T23:37:27+00:00",
            "type": "library",
            "extra": {
                "bamarni-bin": {
                    "bin-links": true,
                    "forward-command": false
                },
                "branch-alias": {
                    "dev-master": "5.6-dev"
                }
            },
            "installation-source": "dist",
            "autoload": {
                "psr-4": {
                    "Dotenv\\": "src/"
                }
            },
            "notification-url": "https://packagist.org/downloads/",
            "license": [
                "BSD-3-Clause"
            ],
            "authors": [
                {
                    "name": "Graham Campbell",
                    "email": "hello@gjcampbell.co.uk",
                    "homepage": "https://github.com/GrahamCampbell"
                },
                {
                    "name": "Vance Lucas",
                    "email": "vance@vancelucas.com",
                    "homepage": "https://github.com/vlucas"
                }
            ],
            "description": "Loads environment variables from `.env` to `getenv()`, `$_ENV` and `$_SERVER` automagically.",
            "keywords": [
                "dotenv",
                "env",
                "environment"
            ],
            "support": {
                "issues": "https://github.com/vlucas/phpdotenv/issues",
                "source": "https://github.com/vlucas/phpdotenv/tree/v5.6.2"
            },
            "funding": [
                {
                    "url": "https://github.com/GrahamCampbell",
                    "type": "github"
                },
                {
                    "url": "https://tidelift.com/funding/github/packagist/vlucas/phpdotenv",
                    "type": "tidelift"
                }
            ],
            "install-path": "../vlucas/phpdotenv"
        }
    ],
    "dev": false,
    "dev-package-names": []
}
